               epoch,      train/box_loss,      train/obj_loss,      train/cls_loss,   metrics/precision,      metrics/recall,     metrics/mAP_0.5,metrics/mAP_0.5:0.95,        val/box_loss,        val/obj_loss,        val/cls_loss,               x/lr0,               x/lr1,               x/lr2
                   0,            0.083039,            0.025774,            0.091923,             0.85724,            0.039874,            0.019396,           0.0093758,            0.049499,            0.015461,            0.086446,             0.07021,             0.00331,             0.00331
                   1,            0.054762,            0.018897,             0.07953,             0.92292,            0.024163,            0.025648,            0.013054,            0.045143,            0.010645,            0.079492,            0.040188,           0.0066214,           0.0066214
                   2,            0.051264,             0.01445,             0.07242,             0.95332,            0.037802,            0.035812,            0.019794,            0.046493,           0.0082748,            0.070613,            0.010144,           0.0099108,           0.0099108
                   3,             0.04669,             0.01209,             0.06383,             0.97293,            0.034989,            0.049635,            0.025904,            0.038307,            0.007021,            0.065357,            0.009901,            0.009901,            0.009901
                   4,            0.040792,            0.010462,            0.058372,             0.96753,            0.051712,            0.082187,             0.04779,            0.031378,           0.0066167,             0.05956,            0.009901,            0.009901,            0.009901
                   5,            0.038424,            0.010431,            0.055325,             0.89793,            0.094428,             0.10006,            0.062876,            0.029595,           0.0061699,            0.055245,            0.009868,            0.009868,            0.009868
                   6,            0.035362,           0.0095396,            0.051438,             0.88277,             0.10103,             0.10387,            0.070181,            0.027403,           0.0057406,            0.053212,            0.009835,            0.009835,            0.009835
                   7,            0.034364,           0.0091314,            0.049437,             0.88767,             0.10129,             0.12279,            0.080534,            0.029666,           0.0056111,            0.051102,            0.009802,            0.009802,            0.009802
                   8,            0.032673,           0.0090907,            0.046635,              0.8671,             0.13244,             0.12959,            0.085479,            0.028839,           0.0055704,            0.049034,            0.009769,            0.009769,            0.009769
                   9,            0.032353,           0.0087452,            0.046219,             0.87692,             0.11338,             0.14072,            0.088618,            0.029284,             0.00561,            0.046702,            0.009736,            0.009736,            0.009736
                  10,            0.031386,           0.0084916,            0.043486,             0.87561,             0.13211,              0.1587,             0.10926,            0.024982,           0.0052783,            0.044936,            0.009703,            0.009703,            0.009703
                  11,            0.031424,           0.0084232,            0.042884,             0.87809,             0.13693,             0.16834,             0.11427,            0.024576,           0.0054282,            0.044127,             0.00967,             0.00967,             0.00967
                  12,            0.030746,           0.0084323,            0.041514,             0.88707,             0.13364,             0.17459,             0.12085,            0.026062,           0.0054493,            0.041841,            0.009637,            0.009637,            0.009637
                  13,            0.030416,           0.0083446,            0.038378,             0.79344,             0.18744,             0.19439,             0.13054,            0.024269,            0.005343,            0.041304,            0.009604,            0.009604,            0.009604
                  14,            0.029433,           0.0079987,            0.039257,             0.79893,             0.19184,             0.20844,             0.14645,            0.023979,           0.0052405,            0.039989,            0.009571,            0.009571,            0.009571
                  15,            0.029439,           0.0080465,            0.037044,              0.8224,             0.19286,             0.21205,             0.14972,            0.024032,           0.0051955,            0.039027,            0.009538,            0.009538,            0.009538
                  16,            0.028954,           0.0079981,            0.036044,             0.83706,             0.21123,             0.23007,             0.15974,            0.023458,           0.0052725,            0.038356,            0.009505,            0.009505,            0.009505
                  17,            0.029359,           0.0079665,            0.035194,             0.81496,             0.22017,             0.25453,             0.16887,            0.024908,           0.0051573,            0.036468,            0.009472,            0.009472,            0.009472
                  18,            0.028377,            0.007897,            0.033711,             0.81762,             0.21978,             0.26738,             0.19046,             0.02217,            0.005052,            0.035237,            0.009439,            0.009439,            0.009439
                  19,            0.028515,           0.0079791,            0.033277,             0.84702,             0.25062,             0.29451,             0.20954,            0.023746,           0.0052497,            0.033843,            0.009406,            0.009406,            0.009406
                  20,            0.028202,           0.0078075,            0.033421,             0.79764,             0.25019,              0.2984,             0.20743,            0.024365,           0.0050894,            0.033474,            0.009373,            0.009373,            0.009373
                  21,            0.027637,           0.0078063,            0.031899,             0.82232,             0.26597,               0.323,             0.23086,            0.023097,           0.0050242,            0.031726,             0.00934,             0.00934,             0.00934
                  22,            0.027451,            0.007458,            0.030309,             0.86181,             0.24856,             0.32949,             0.22944,            0.022652,           0.0050662,            0.030104,            0.009307,            0.009307,            0.009307
                  23,            0.027602,           0.0078264,             0.02992,             0.74709,             0.34591,             0.35573,             0.24556,            0.023317,           0.0051437,            0.029171,            0.009274,            0.009274,            0.009274
                  24,            0.027803,           0.0076603,             0.03007,             0.62764,             0.38862,             0.35389,             0.24499,            0.022408,           0.0051063,            0.028544,            0.009241,            0.009241,            0.009241
                  25,            0.028592,           0.0076179,            0.028557,             0.77381,             0.32259,             0.36633,             0.25243,            0.023495,           0.0051409,            0.027931,            0.009208,            0.009208,            0.009208
                  26,            0.027274,           0.0075628,            0.027074,             0.86014,             0.30917,              0.3872,             0.26794,            0.022592,           0.0049947,            0.027156,            0.009175,            0.009175,            0.009175
                  27,            0.027565,           0.0076472,            0.026479,              0.7563,             0.35521,             0.40556,             0.27972,            0.022306,           0.0050058,            0.025853,            0.009142,            0.009142,            0.009142
                  28,            0.027545,            0.007539,            0.025985,             0.76363,             0.40212,             0.43121,             0.30349,            0.021767,           0.0050558,            0.025163,            0.009109,            0.009109,            0.009109
                  29,            0.027617,           0.0077047,             0.02483,             0.76033,             0.39573,             0.42926,             0.30165,            0.022507,           0.0048999,            0.024367,            0.009076,            0.009076,            0.009076
                  30,            0.026856,           0.0076019,             0.02402,             0.76054,             0.38923,             0.45184,              0.3132,            0.021604,           0.0049704,            0.024214,            0.009043,            0.009043,            0.009043
                  31,            0.027268,           0.0074123,            0.023846,             0.79061,             0.40987,             0.47093,             0.32696,            0.023155,           0.0051119,             0.02284,             0.00901,             0.00901,             0.00901
                  32,            0.026622,            0.007256,            0.023246,             0.76387,             0.42671,             0.49367,             0.35331,            0.022836,           0.0049524,            0.022213,            0.008977,            0.008977,            0.008977
                  33,            0.027467,           0.0077582,            0.023074,             0.70476,             0.46894,             0.50592,             0.36221,            0.022088,           0.0048683,            0.021312,            0.008944,            0.008944,            0.008944
                  34,            0.026973,           0.0074921,             0.02205,              0.7303,             0.49758,             0.52384,             0.37721,            0.022057,           0.0047799,            0.020564,            0.008911,            0.008911,            0.008911
                  35,              0.0272,           0.0072815,            0.021491,             0.78649,             0.45773,             0.55452,             0.39794,            0.022996,           0.0048332,            0.020068,            0.008878,            0.008878,            0.008878
                  36,            0.026504,           0.0071585,            0.021144,             0.75338,             0.50453,             0.55199,             0.38853,             0.02215,            0.004867,            0.019401,            0.008845,            0.008845,            0.008845
                  37,            0.026636,            0.007341,            0.020398,             0.85683,             0.44799,             0.56142,             0.40245,            0.021685,           0.0049675,             0.01918,            0.008812,            0.008812,            0.008812
                  38,            0.026554,           0.0070988,            0.020311,             0.78812,             0.46417,             0.56412,             0.39341,            0.023515,           0.0050493,             0.01797,            0.008779,            0.008779,            0.008779
                  39,            0.026894,           0.0074847,             0.01917,             0.74264,              0.5422,             0.59479,             0.42503,            0.021707,           0.0048311,            0.017699,            0.008746,            0.008746,            0.008746
                  40,            0.026388,           0.0074768,            0.018313,             0.67716,             0.58304,             0.60457,              0.4372,            0.021689,            0.004843,            0.017318,            0.008713,            0.008713,            0.008713
                  41,             0.02683,           0.0073781,            0.018776,             0.78966,             0.53528,             0.63842,             0.45295,            0.021845,           0.0047887,            0.016295,             0.00868,             0.00868,             0.00868
                  42,            0.025839,           0.0070412,            0.018287,             0.80822,             0.54892,             0.63554,             0.44632,              0.0215,           0.0048935,            0.015976,            0.008647,            0.008647,            0.008647
                  43,             0.02605,           0.0071036,            0.017321,             0.79273,             0.57293,             0.63779,             0.45346,            0.021911,           0.0048536,            0.016669,            0.008614,            0.008614,            0.008614
                  44,            0.026416,            0.007295,             0.01656,             0.73893,             0.61119,             0.65295,             0.46588,            0.021939,           0.0047928,            0.014858,            0.008581,            0.008581,            0.008581
                  45,             0.02637,           0.0071677,            0.016466,             0.80194,             0.58654,             0.67243,             0.48045,            0.021456,           0.0048325,             0.01474,            0.008548,            0.008548,            0.008548
                  46,            0.025824,           0.0071177,            0.016443,             0.78306,             0.61398,             0.65237,             0.46071,            0.020828,           0.0048147,            0.014172,            0.008515,            0.008515,            0.008515
                  47,            0.026298,           0.0074162,            0.015596,             0.66911,             0.65252,             0.66214,             0.49141,            0.021569,           0.0047555,            0.014212,            0.008482,            0.008482,            0.008482
                  48,            0.025753,           0.0068639,            0.015601,              0.6759,             0.65711,             0.67332,             0.47227,            0.022238,            0.004752,            0.013686,            0.008449,            0.008449,            0.008449
                  49,            0.026433,           0.0071747,             0.01542,             0.74943,              0.6928,             0.71393,              0.5164,            0.021083,           0.0046983,            0.013701,            0.008416,            0.008416,            0.008416
                  50,            0.026216,           0.0072437,            0.015327,              0.7038,              0.6701,             0.69058,             0.49718,            0.020993,           0.0048089,            0.013486,            0.008383,            0.008383,            0.008383
                  51,            0.025396,           0.0070658,            0.014299,             0.72674,             0.66974,             0.70145,             0.50332,            0.020903,           0.0047988,            0.012628,             0.00835,             0.00835,             0.00835
                  52,            0.025535,           0.0071024,            0.013718,             0.69856,             0.71695,             0.71315,             0.51042,             0.02077,           0.0047258,            0.012958,            0.008317,            0.008317,            0.008317
                  53,            0.025783,           0.0069491,            0.013865,             0.74073,             0.68334,             0.71542,             0.51725,            0.021844,           0.0047537,            0.012443,            0.008284,            0.008284,            0.008284
                  54,            0.026235,           0.0071425,            0.014105,             0.74859,              0.7235,             0.72455,             0.51435,            0.021375,           0.0046847,            0.012229,            0.008251,            0.008251,            0.008251
                  55,            0.025795,           0.0068049,            0.013473,             0.75371,             0.71029,             0.74906,             0.54675,            0.020747,           0.0046269,            0.011878,            0.008218,            0.008218,            0.008218
                  56,            0.025405,           0.0070765,            0.013181,             0.74423,             0.71976,             0.73594,             0.54093,            0.020787,           0.0046912,             0.01181,            0.008185,            0.008185,            0.008185
                  57,            0.025644,           0.0068621,            0.013038,             0.79355,             0.69053,             0.72248,             0.51348,            0.021058,           0.0046997,            0.011648,            0.008152,            0.008152,            0.008152
                  58,            0.025098,           0.0069085,            0.013194,             0.75398,             0.71098,             0.72974,             0.52422,            0.020356,           0.0047013,            0.011531,            0.008119,            0.008119,            0.008119
                  59,            0.025618,           0.0069827,            0.012471,             0.78921,             0.70047,             0.74092,             0.53781,            0.020686,           0.0046294,            0.011328,            0.008086,            0.008086,            0.008086
                  60,            0.025281,           0.0070001,            0.012622,             0.73379,              0.7612,             0.75198,             0.54816,            0.020877,            0.004612,            0.011589,            0.008053,            0.008053,            0.008053
                  61,            0.025315,           0.0068829,            0.012675,             0.79551,             0.70437,              0.7521,             0.54604,             0.02061,            0.004743,            0.011171,             0.00802,             0.00802,             0.00802
                  62,            0.024743,           0.0068819,            0.012639,             0.79779,             0.72697,             0.75313,             0.54803,            0.020064,           0.0045862,            0.010345,            0.007987,            0.007987,            0.007987
                  63,            0.025102,           0.0068945,            0.011578,             0.78542,              0.7377,             0.75077,             0.54086,            0.020049,           0.0046153,            0.010097,            0.007954,            0.007954,            0.007954
                  64,            0.025503,           0.0068227,            0.011158,              0.8024,             0.72406,             0.74489,             0.52786,            0.020807,           0.0047091,           0.0096946,            0.007921,            0.007921,            0.007921
                  65,             0.02493,           0.0070605,            0.011273,             0.82104,             0.74536,             0.75735,             0.55147,            0.019823,           0.0046339,           0.0096027,            0.007888,            0.007888,            0.007888
                  66,             0.02465,           0.0069003,            0.010881,             0.87186,             0.69921,             0.75214,             0.55123,            0.019834,           0.0045662,           0.0099677,            0.007855,            0.007855,            0.007855
                  67,            0.024924,           0.0068264,            0.010748,              0.8091,             0.75506,             0.76016,             0.55797,            0.019913,           0.0045542,            0.010095,            0.007822,            0.007822,            0.007822
                  68,            0.024545,           0.0068191,            0.010737,             0.79423,              0.7423,             0.75577,             0.54576,            0.020419,           0.0045555,           0.0097629,            0.007789,            0.007789,            0.007789
                  69,            0.024828,           0.0065116,             0.01044,             0.80743,             0.76141,              0.7836,             0.56902,             0.01952,           0.0045391,           0.0097384,            0.007756,            0.007756,            0.007756
                  70,            0.024755,            0.006867,            0.011131,             0.82937,             0.72045,             0.76826,             0.55979,            0.019966,           0.0047163,            0.010261,            0.007723,            0.007723,            0.007723
                  71,            0.024665,           0.0069728,            0.010305,             0.81541,             0.78051,              0.7908,             0.57966,            0.019083,           0.0045891,           0.0089463,             0.00769,             0.00769,             0.00769
                  72,            0.024182,           0.0067645,            0.010082,             0.78539,             0.78355,             0.78661,             0.57924,            0.020009,           0.0045978,           0.0089886,            0.007657,            0.007657,            0.007657
                  73,            0.024039,           0.0067322,           0.0099652,             0.86521,             0.72852,             0.79887,             0.61478,            0.018885,           0.0045292,           0.0088433,            0.007624,            0.007624,            0.007624
                  74,            0.024488,            0.006683,           0.0096131,             0.83539,             0.76988,              0.8009,             0.59754,            0.019417,           0.0045636,           0.0089633,            0.007591,            0.007591,            0.007591
                  75,            0.024743,           0.0067218,           0.0097833,             0.87405,              0.7355,             0.81002,             0.60476,            0.019394,           0.0045871,           0.0083023,            0.007558,            0.007558,            0.007558
                  76,             0.02467,           0.0067982,           0.0096004,             0.82338,             0.76057,             0.79689,             0.58265,            0.019285,           0.0046144,           0.0085174,            0.007525,            0.007525,            0.007525
                  77,              0.0241,           0.0067154,           0.0097399,             0.86566,             0.73918,             0.77122,             0.57187,            0.019166,           0.0045689,           0.0080583,            0.007492,            0.007492,            0.007492
                  78,            0.023944,           0.0067288,           0.0093336,             0.86026,             0.73256,             0.79059,             0.58621,            0.020017,           0.0045492,           0.0077759,            0.007459,            0.007459,            0.007459
                  79,            0.024474,           0.0067574,           0.0095511,             0.88149,             0.74051,             0.79514,             0.59784,            0.019384,           0.0045473,           0.0075308,            0.007426,            0.007426,            0.007426
                  80,            0.024257,           0.0066462,           0.0091604,             0.81027,             0.78026,             0.80616,              0.6183,            0.018907,           0.0045276,           0.0075236,            0.007393,            0.007393,            0.007393
                  81,            0.024129,           0.0068513,           0.0085943,             0.85778,             0.75578,             0.80311,             0.61147,            0.019206,           0.0045255,           0.0076035,             0.00736,             0.00736,             0.00736
                  82,             0.02355,           0.0062611,           0.0085209,             0.82835,             0.77262,             0.80027,             0.60762,            0.018996,           0.0046149,           0.0076449,            0.007327,            0.007327,            0.007327
                  83,            0.023621,           0.0067827,           0.0088311,             0.83907,             0.78813,             0.83312,             0.61921,            0.018552,           0.0045054,           0.0069623,            0.007294,            0.007294,            0.007294
                  84,            0.023548,           0.0066561,           0.0088796,             0.81255,             0.79478,              0.8192,             0.61498,             0.01877,           0.0045301,           0.0074209,            0.007261,            0.007261,            0.007261
                  85,            0.023436,            0.006655,           0.0082556,             0.82367,             0.78679,             0.81744,             0.61397,             0.01913,           0.0045236,           0.0072377,            0.007228,            0.007228,            0.007228
                  86,            0.023431,           0.0063166,           0.0082706,             0.84754,              0.7628,              0.8249,               0.619,            0.018709,           0.0044822,           0.0070911,            0.007195,            0.007195,            0.007195
                  87,            0.023495,           0.0064538,           0.0081942,             0.83669,             0.79257,             0.82057,             0.62067,            0.018612,           0.0045562,           0.0072654,            0.007162,            0.007162,            0.007162
                  88,            0.023789,           0.0066178,           0.0089479,              0.8453,             0.77913,             0.82414,             0.62211,            0.018546,           0.0044742,           0.0069138,            0.007129,            0.007129,            0.007129
                  89,            0.023385,           0.0065473,           0.0088728,              0.8559,             0.76582,             0.80818,              0.6203,            0.018288,           0.0045525,           0.0069905,            0.007096,            0.007096,            0.007096
                  90,            0.023202,           0.0064376,           0.0084197,             0.85849,             0.78929,             0.83215,             0.63075,            0.018778,           0.0045756,           0.0065652,            0.007063,            0.007063,            0.007063
                  91,            0.023765,           0.0063724,           0.0079942,             0.84942,             0.77646,             0.83372,             0.63066,            0.018656,           0.0044995,           0.0067556,             0.00703,             0.00703,             0.00703
                  92,            0.023324,           0.0064095,           0.0083212,              0.8734,             0.77839,              0.8259,             0.63155,            0.018385,           0.0045231,           0.0068206,            0.006997,            0.006997,            0.006997
                  93,            0.023907,           0.0066567,           0.0077117,             0.86448,             0.76808,             0.82843,             0.63231,            0.018364,           0.0045515,           0.0067185,            0.006964,            0.006964,            0.006964
                  94,            0.023373,           0.0063903,           0.0080588,             0.88184,              0.7699,             0.84533,             0.63253,             0.01839,           0.0044577,           0.0060188,            0.006931,            0.006931,            0.006931
                  95,            0.023559,           0.0065209,           0.0075449,             0.85184,             0.77625,             0.84826,             0.64648,            0.018381,           0.0044708,           0.0064368,            0.006898,            0.006898,            0.006898
                  96,            0.022914,           0.0064807,            0.007538,             0.85919,             0.75059,             0.82911,             0.63543,              0.0183,           0.0045176,           0.0067185,            0.006865,            0.006865,            0.006865
                  97,            0.022666,           0.0064245,           0.0076295,             0.86236,             0.76183,             0.83052,             0.64789,             0.01828,           0.0044784,           0.0066305,            0.006832,            0.006832,            0.006832
                  98,            0.022837,           0.0065301,           0.0071686,             0.81387,             0.80248,             0.82764,              0.6312,            0.018072,           0.0044675,           0.0066017,            0.006799,            0.006799,            0.006799
                  99,            0.022655,           0.0064168,           0.0072226,             0.83636,             0.79717,             0.83303,             0.63278,             0.01812,           0.0044359,           0.0062613,            0.006766,            0.006766,            0.006766
                 100,            0.022602,           0.0062852,           0.0073132,             0.86255,             0.80009,             0.84185,             0.66305,            0.017468,           0.0044827,           0.0059585,            0.006733,            0.006733,            0.006733
                 101,            0.022773,           0.0064609,           0.0070453,             0.85001,             0.79777,             0.84124,             0.63381,            0.017918,           0.0044441,           0.0061692,              0.0067,              0.0067,              0.0067
                 102,            0.023117,           0.0064376,           0.0071959,             0.81668,             0.82359,             0.83245,             0.62854,            0.018203,           0.0044594,           0.0059037,            0.006667,            0.006667,            0.006667
                 103,            0.023205,           0.0062909,           0.0074921,             0.87928,             0.77942,              0.8472,             0.66526,            0.017739,            0.004479,           0.0057428,            0.006634,            0.006634,            0.006634
                 104,            0.022896,           0.0062703,           0.0071313,             0.86084,             0.78755,             0.82729,             0.63671,            0.017858,            0.004505,           0.0059085,            0.006601,            0.006601,            0.006601
                 105,            0.022589,           0.0063729,           0.0072835,             0.81105,             0.83918,              0.8553,             0.64517,            0.017977,           0.0044547,           0.0058358,            0.006568,            0.006568,            0.006568
                 106,            0.021925,            0.006393,           0.0069707,             0.83819,             0.80763,             0.83486,              0.6421,            0.017741,           0.0044201,           0.0060448,            0.006535,            0.006535,            0.006535
                 107,            0.022169,           0.0062089,           0.0069222,             0.82751,             0.79805,             0.83483,             0.63934,            0.017666,           0.0044831,           0.0059078,            0.006502,            0.006502,            0.006502
                 108,             0.02198,           0.0065918,           0.0067557,             0.84997,             0.80658,             0.85329,             0.66811,            0.017424,           0.0044362,           0.0055906,            0.006469,            0.006469,            0.006469
                 109,            0.022619,           0.0059186,           0.0070004,             0.87596,             0.77429,             0.83985,             0.64818,            0.017616,           0.0044655,           0.0063076,            0.006436,            0.006436,            0.006436
                 110,            0.021944,            0.006261,           0.0065404,             0.83978,             0.81496,             0.86546,             0.65963,            0.017021,           0.0043929,           0.0056312,            0.006403,            0.006403,            0.006403
                 111,            0.021712,           0.0063064,           0.0061283,             0.80273,             0.82946,             0.82846,             0.63926,            0.017338,           0.0044784,           0.0056303,             0.00637,             0.00637,             0.00637
                 112,            0.022065,           0.0062745,           0.0068772,             0.87907,             0.78228,             0.83718,             0.66287,            0.017185,           0.0043906,           0.0055177,            0.006337,            0.006337,            0.006337
                 113,            0.022016,           0.0062021,           0.0065599,             0.79821,             0.83155,             0.83313,             0.63818,            0.017332,           0.0044779,           0.0055465,            0.006304,            0.006304,            0.006304
                 114,            0.021716,           0.0063576,           0.0062204,             0.79593,             0.85008,             0.84398,              0.6523,            0.016999,           0.0044398,           0.0057922,            0.006271,            0.006271,            0.006271
                 115,            0.021737,           0.0063131,           0.0064141,             0.81074,             0.84272,             0.85347,              0.6554,             0.01765,           0.0044505,           0.0053194,            0.006238,            0.006238,            0.006238
                 116,            0.022099,           0.0062521,           0.0064805,             0.80174,             0.82259,             0.85021,             0.66163,            0.017062,           0.0043979,           0.0056462,            0.006205,            0.006205,            0.006205
                 117,            0.021237,           0.0060481,           0.0061194,             0.78289,             0.86694,             0.85266,             0.66317,            0.017054,           0.0043737,           0.0056552,            0.006172,            0.006172,            0.006172
                 118,             0.02212,           0.0061446,           0.0061639,             0.78444,             0.83446,             0.84338,             0.64148,            0.017127,           0.0043743,           0.0062845,            0.006139,            0.006139,            0.006139
                 119,            0.021709,           0.0061944,           0.0063845,             0.81035,              0.8586,             0.85915,             0.67472,            0.017071,           0.0043821,           0.0054669,            0.006106,            0.006106,            0.006106
                 120,            0.021946,           0.0059989,           0.0061907,             0.81335,             0.83109,             0.85004,             0.67007,            0.017138,           0.0043941,           0.0053405,            0.006073,            0.006073,            0.006073
                 121,            0.021612,           0.0062541,           0.0059332,             0.77679,             0.86232,             0.86119,             0.66927,            0.016952,           0.0043338,           0.0053718,             0.00604,             0.00604,             0.00604
                 122,            0.021508,           0.0061817,           0.0061784,             0.82175,             0.84745,             0.86601,             0.68152,              0.0169,           0.0043407,            0.005052,            0.006007,            0.006007,            0.006007
                 123,            0.021521,           0.0061996,           0.0055642,             0.77691,             0.87305,              0.8557,             0.66598,            0.016948,            0.004354,           0.0054562,            0.005974,            0.005974,            0.005974
                 124,            0.021284,           0.0061412,           0.0057011,             0.78306,             0.86311,             0.85138,             0.67302,            0.017133,              0.0044,           0.0053113,            0.005941,            0.005941,            0.005941
                 125,            0.021212,           0.0061521,           0.0056864,             0.78923,             0.85309,              0.8633,             0.68301,            0.016702,           0.0043476,           0.0050797,            0.005908,            0.005908,            0.005908
                 126,            0.021422,            0.006136,            0.005273,              0.8144,             0.86164,             0.86191,             0.67983,            0.016777,           0.0043167,            0.004954,            0.005875,            0.005875,            0.005875
                 127,            0.021305,           0.0060799,           0.0058222,             0.80458,             0.86178,             0.85692,             0.67317,            0.016477,           0.0043476,           0.0047287,            0.005842,            0.005842,            0.005842
                 128,            0.021159,           0.0061348,           0.0060557,             0.82897,             0.85667,             0.86056,             0.68253,            0.016494,           0.0043564,           0.0051171,            0.005809,            0.005809,            0.005809
                 129,            0.020863,           0.0061132,           0.0056464,             0.81109,             0.86239,             0.85584,             0.68013,            0.016659,           0.0043167,           0.0049336,            0.005776,            0.005776,            0.005776
                 130,            0.020935,           0.0061483,            0.005461,             0.81291,             0.86023,             0.86078,             0.68058,            0.016381,           0.0043294,           0.0048951,            0.005743,            0.005743,            0.005743
                 131,            0.021081,           0.0060301,           0.0060381,             0.81177,             0.85944,             0.85294,             0.68023,            0.016602,           0.0043799,           0.0047899,             0.00571,             0.00571,             0.00571
                 132,            0.021018,           0.0063039,           0.0054139,             0.78947,             0.85682,             0.85424,             0.67759,            0.016651,           0.0043559,           0.0050694,            0.005677,            0.005677,            0.005677
                 133,             0.02088,            0.006136,           0.0056248,             0.81069,              0.8709,             0.85946,              0.6743,            0.016501,           0.0043555,           0.0050086,            0.005644,            0.005644,            0.005644
                 134,            0.020951,           0.0060846,            0.005331,             0.80167,             0.86487,             0.85668,             0.68174,            0.016458,           0.0043355,           0.0050239,            0.005611,            0.005611,            0.005611
                 135,            0.021106,           0.0059975,           0.0055811,             0.79947,             0.85856,             0.84941,             0.65067,            0.016661,           0.0043868,            0.005069,            0.005578,            0.005578,            0.005578
                 136,            0.021021,           0.0061417,           0.0051721,             0.80917,             0.85735,              0.8592,             0.68334,            0.016288,           0.0043949,           0.0047873,            0.005545,            0.005545,            0.005545
                 137,            0.020752,           0.0062341,           0.0050879,             0.81937,             0.86392,             0.84772,             0.67112,            0.016416,           0.0043661,           0.0050369,            0.005512,            0.005512,            0.005512
                 138,            0.020738,           0.0057901,           0.0054234,             0.83614,             0.83651,             0.86177,             0.67784,             0.01649,           0.0043584,           0.0048154,            0.005479,            0.005479,            0.005479
                 139,            0.020574,           0.0060605,           0.0055529,             0.81393,             0.87053,             0.85444,             0.67033,            0.016257,            0.004344,             0.00461,            0.005446,            0.005446,            0.005446
                 140,            0.020666,           0.0060073,           0.0058507,             0.78968,             0.88779,              0.8592,             0.67739,            0.016286,           0.0043328,           0.0045558,            0.005413,            0.005413,            0.005413
                 141,            0.020634,           0.0057678,           0.0054384,             0.79872,             0.88855,             0.86939,             0.69352,            0.016351,            0.004367,           0.0044704,             0.00538,             0.00538,             0.00538
                 142,            0.020356,           0.0058458,           0.0051143,              0.8626,             0.82209,             0.86871,             0.68983,            0.016425,           0.0043504,           0.0046471,            0.005347,            0.005347,            0.005347
                 143,            0.020598,           0.0059112,           0.0051512,             0.83522,             0.85747,             0.85599,             0.68351,            0.016236,            0.004348,           0.0043476,            0.005314,            0.005314,            0.005314
                 144,            0.020454,           0.0059817,           0.0054587,             0.84245,             0.84182,             0.86847,             0.68983,            0.016268,           0.0043547,           0.0045124,            0.005281,            0.005281,            0.005281
                 145,             0.02032,           0.0059897,           0.0050861,             0.85461,             0.83268,              0.8583,             0.69083,            0.015907,           0.0043617,           0.0044641,            0.005248,            0.005248,            0.005248
                 146,            0.020418,           0.0060546,           0.0055069,             0.84731,             0.84294,             0.86244,              0.6897,            0.015852,           0.0043288,           0.0045178,            0.005215,            0.005215,            0.005215
                 147,            0.020076,           0.0060306,           0.0047237,             0.80545,             0.87054,             0.85627,             0.68202,            0.015779,           0.0042561,           0.0043697,            0.005182,            0.005182,            0.005182
                 148,            0.019703,           0.0058282,           0.0053777,             0.81637,             0.86435,             0.85588,             0.68386,            0.015838,           0.0043067,           0.0045075,            0.005149,            0.005149,            0.005149
                 149,            0.020118,            0.005935,           0.0052346,             0.80583,               0.874,             0.85628,             0.68223,            0.015869,           0.0043004,           0.0045113,            0.005116,            0.005116,            0.005116
                 150,            0.020298,           0.0058126,           0.0047402,             0.84462,             0.84149,             0.85617,             0.68689,             0.01601,           0.0043686,           0.0043235,            0.005083,            0.005083,            0.005083
                 151,            0.019803,           0.0058199,           0.0046529,             0.81222,             0.87097,             0.85039,              0.6806,            0.015665,           0.0043681,           0.0041807,             0.00505,             0.00505,             0.00505
                 152,            0.020204,           0.0057363,           0.0049968,             0.82923,             0.86469,             0.85123,             0.68993,            0.015766,           0.0043861,           0.0041815,            0.005017,            0.005017,            0.005017
                 153,            0.019361,           0.0058941,           0.0045957,             0.82934,             0.87708,             0.86553,              0.7023,             0.01575,           0.0044499,           0.0042355,            0.004984,            0.004984,            0.004984
                 154,            0.019482,           0.0056342,           0.0044267,             0.81647,             0.86854,             0.85537,             0.68906,            0.015953,             0.00444,           0.0042563,            0.004951,            0.004951,            0.004951
                 155,            0.019657,           0.0059448,           0.0050417,             0.81267,             0.87896,             0.85121,             0.68174,            0.015952,           0.0044306,           0.0040975,            0.004918,            0.004918,            0.004918
                 156,            0.019529,           0.0059499,           0.0047964,             0.81459,             0.86952,             0.85512,              0.6929,            0.015702,           0.0043741,           0.0042297,            0.004885,            0.004885,            0.004885
                 157,            0.020094,           0.0059176,           0.0048534,             0.85519,             0.83624,             0.85117,             0.68803,             0.01565,           0.0043697,           0.0044301,            0.004852,            0.004852,            0.004852
                 158,            0.019866,           0.0059073,           0.0047546,             0.81125,             0.88721,              0.8534,             0.69002,            0.015567,           0.0043604,           0.0042573,            0.004819,            0.004819,            0.004819
                 159,            0.019658,           0.0058454,           0.0045409,             0.85568,              0.8415,             0.86787,             0.70265,            0.015528,           0.0043595,           0.0040977,            0.004786,            0.004786,            0.004786
                 160,            0.019725,           0.0058349,           0.0045002,              0.8276,             0.86332,             0.87075,             0.70359,            0.015635,           0.0043305,            0.004192,            0.004753,            0.004753,            0.004753
                 161,            0.019239,            0.005967,           0.0042951,             0.82933,              0.8609,             0.87179,             0.70796,            0.015538,           0.0043064,           0.0043214,             0.00472,             0.00472,             0.00472
                 162,            0.019444,           0.0057616,           0.0047382,             0.82869,             0.86783,             0.86676,             0.70311,            0.015469,           0.0043285,           0.0042425,            0.004687,            0.004687,            0.004687
                 163,             0.01969,           0.0057602,           0.0044277,              0.8184,             0.86876,             0.85789,             0.69244,             0.01559,           0.0043516,           0.0042513,            0.004654,            0.004654,            0.004654
                 164,            0.019731,           0.0056868,           0.0044839,             0.81788,             0.86886,             0.86371,             0.69077,            0.015698,            0.004278,            0.004182,            0.004621,            0.004621,            0.004621
                 165,            0.019409,           0.0055431,           0.0044598,             0.85574,             0.84116,             0.86116,             0.69924,            0.015448,           0.0042758,           0.0042675,            0.004588,            0.004588,            0.004588
                 166,             0.01967,           0.0057087,           0.0047336,             0.81585,             0.87565,             0.86203,             0.70086,            0.015488,           0.0042886,           0.0043147,            0.004555,            0.004555,            0.004555
                 167,            0.019309,           0.0055442,           0.0047361,              0.8158,             0.86969,             0.85608,             0.69641,            0.015466,           0.0043186,           0.0041977,            0.004522,            0.004522,            0.004522
                 168,            0.019233,           0.0058431,           0.0046281,             0.83475,             0.87308,              0.8621,             0.69921,            0.015531,           0.0043157,           0.0041187,            0.004489,            0.004489,            0.004489
                 169,            0.018692,           0.0056747,           0.0047871,             0.81482,             0.88318,             0.87181,             0.70903,            0.015564,           0.0043372,           0.0043328,            0.004456,            0.004456,            0.004456
                 170,            0.019483,           0.0056141,           0.0043833,             0.82118,             0.88803,              0.8655,             0.70758,            0.015536,           0.0042807,           0.0041993,            0.004423,            0.004423,            0.004423
                 171,            0.019518,           0.0057903,           0.0041693,             0.82938,             0.87639,             0.87159,             0.70854,            0.015463,           0.0042594,           0.0040496,             0.00439,             0.00439,             0.00439
                 172,            0.019272,           0.0056345,           0.0044543,             0.82371,             0.87934,             0.87799,             0.71275,            0.015458,           0.0042765,           0.0042765,            0.004357,            0.004357,            0.004357
                 173,             0.01878,            0.005656,           0.0043596,             0.84481,             0.87643,             0.87012,             0.70587,            0.015572,           0.0042365,           0.0044418,            0.004324,            0.004324,            0.004324
                 174,            0.019155,           0.0054299,           0.0046273,             0.84549,             0.87141,             0.87573,             0.70482,            0.015525,           0.0042495,           0.0044778,            0.004291,            0.004291,            0.004291
                 175,            0.018883,           0.0056446,           0.0040362,             0.82827,             0.87898,             0.87499,              0.7092,            0.015488,           0.0042711,           0.0043612,            0.004258,            0.004258,            0.004258
                 176,            0.018771,            0.005687,           0.0044561,             0.84056,             0.86649,             0.86386,              0.7011,            0.015312,           0.0043122,           0.0041603,            0.004225,            0.004225,            0.004225
                 177,            0.018783,           0.0057093,           0.0041366,             0.82913,             0.86633,             0.86664,             0.70585,            0.015332,           0.0042989,           0.0039988,            0.004192,            0.004192,            0.004192
                 178,            0.018619,           0.0055321,           0.0042983,             0.83525,             0.87697,             0.86228,             0.70738,            0.015297,           0.0042795,           0.0041171,            0.004159,            0.004159,            0.004159
                 179,            0.019013,           0.0056067,           0.0042219,             0.84891,             0.85479,             0.86569,             0.70391,            0.015348,           0.0042528,           0.0039652,            0.004126,            0.004126,            0.004126
                 180,            0.019015,           0.0055887,           0.0041686,             0.80751,             0.89237,             0.87336,             0.71637,            0.015319,           0.0042423,           0.0038832,            0.004093,            0.004093,            0.004093
                 181,             0.01865,           0.0056622,           0.0040854,             0.81453,             0.88657,             0.87426,             0.71382,            0.015338,           0.0042614,           0.0038457,             0.00406,             0.00406,             0.00406
                 182,            0.018557,           0.0055802,           0.0039431,              0.8262,              0.8782,             0.87001,             0.70586,            0.015298,           0.0042777,           0.0038954,            0.004027,            0.004027,            0.004027
                 183,            0.018616,            0.005504,           0.0039611,             0.82535,             0.87963,             0.87277,              0.7011,            0.015167,           0.0042818,           0.0039351,            0.003994,            0.003994,            0.003994
                 184,            0.018617,           0.0055888,           0.0039135,             0.81988,             0.87982,             0.87686,             0.71391,            0.015051,            0.004253,           0.0039748,            0.003961,            0.003961,            0.003961
                 185,            0.018581,            0.005638,           0.0039247,             0.81351,             0.87715,             0.87162,             0.71221,            0.015054,           0.0042445,           0.0041017,            0.003928,            0.003928,            0.003928
                 186,            0.018525,            0.005694,           0.0041012,             0.81365,             0.89346,              0.8764,             0.72148,            0.015041,           0.0042364,           0.0039369,            0.003895,            0.003895,            0.003895
                 187,            0.018182,           0.0055386,           0.0040113,             0.81749,             0.87877,             0.87164,             0.71229,            0.014998,           0.0042694,           0.0038306,            0.003862,            0.003862,            0.003862
                 188,            0.018009,           0.0057521,           0.0038635,             0.82353,             0.86975,             0.87239,             0.71909,            0.015099,           0.0042679,           0.0038719,            0.003829,            0.003829,            0.003829
                 189,             0.01859,           0.0054205,           0.0038422,             0.82176,             0.87179,             0.87652,             0.72073,            0.015113,           0.0042532,           0.0039134,            0.003796,            0.003796,            0.003796
                 190,            0.017995,           0.0054582,           0.0037236,             0.81751,             0.87315,             0.87217,             0.71801,            0.014975,           0.0042485,           0.0039066,            0.003763,            0.003763,            0.003763
                 191,            0.018154,           0.0055133,           0.0038668,              0.8315,             0.86521,             0.87578,              0.7159,            0.014983,           0.0042678,           0.0039773,             0.00373,             0.00373,             0.00373
                 192,             0.01784,           0.0055044,           0.0035853,             0.83444,             0.86344,             0.87582,             0.72178,            0.015027,           0.0042603,           0.0040111,            0.003697,            0.003697,            0.003697
                 193,            0.018032,           0.0055961,           0.0035182,              0.8302,             0.88183,             0.86754,               0.713,            0.014996,           0.0042242,           0.0039713,            0.003664,            0.003664,            0.003664
                 194,            0.018025,           0.0053088,           0.0036648,             0.83252,             0.87859,             0.86795,              0.7098,             0.01498,           0.0042262,           0.0038855,            0.003631,            0.003631,            0.003631
                 195,            0.018048,           0.0053772,           0.0038899,             0.82795,              0.8822,             0.87358,             0.71043,               0.015,           0.0042856,           0.0038341,            0.003598,            0.003598,            0.003598
                 196,            0.018117,           0.0053585,           0.0036407,             0.82535,             0.87945,             0.88113,             0.71789,            0.015002,           0.0042818,           0.0039332,            0.003565,            0.003565,            0.003565
                 197,            0.017932,           0.0054983,           0.0035678,               0.813,             0.88696,             0.87677,             0.71778,            0.014932,           0.0042346,           0.0040007,            0.003532,            0.003532,            0.003532
                 198,            0.017882,           0.0053572,           0.0038082,             0.81132,             0.89435,             0.88027,             0.71556,            0.014873,           0.0042219,           0.0039109,            0.003499,            0.003499,            0.003499
                 199,            0.017825,           0.0053221,           0.0034041,             0.81494,             0.87594,             0.88697,              0.7271,            0.014845,           0.0041893,           0.0038628,            0.003466,            0.003466,            0.003466
                 200,            0.017871,           0.0055128,           0.0037714,             0.81297,             0.87591,             0.88904,             0.72607,            0.014944,           0.0042012,           0.0041451,            0.003433,            0.003433,            0.003433
                 201,              0.0179,           0.0054362,           0.0036778,             0.80759,             0.88499,               0.887,              0.7235,            0.014896,           0.0041799,           0.0041162,              0.0034,              0.0034,              0.0034
                 202,            0.017534,           0.0053561,           0.0036803,             0.81597,             0.87471,             0.88817,             0.71787,            0.014959,           0.0041997,            0.004034,            0.003367,            0.003367,            0.003367
                 203,            0.017738,            0.005549,           0.0034513,             0.82416,             0.87212,             0.88668,              0.7242,            0.014923,           0.0042178,           0.0039164,            0.003334,            0.003334,            0.003334
                 204,            0.017531,           0.0053866,           0.0035428,             0.82217,             0.87763,             0.87815,             0.71707,             0.01491,           0.0042115,           0.0037402,            0.003301,            0.003301,            0.003301
                 205,            0.017655,           0.0053649,           0.0035485,             0.81561,             0.89144,             0.88155,             0.71455,            0.014939,           0.0042158,           0.0037888,            0.003268,            0.003268,            0.003268
                 206,            0.017375,           0.0053084,            0.003461,             0.81896,             0.89063,             0.88151,              0.7244,            0.014827,           0.0042241,           0.0038224,            0.003235,            0.003235,            0.003235
                 207,            0.017663,           0.0052993,           0.0030899,             0.82668,             0.88247,             0.87983,             0.71787,            0.014873,           0.0042451,            0.003884,            0.003202,            0.003202,            0.003202
                 208,            0.017116,           0.0054631,           0.0031204,              0.8228,             0.88559,             0.88025,              0.7219,             0.01481,           0.0042234,           0.0037955,            0.003169,            0.003169,            0.003169
                 209,            0.017352,            0.005322,           0.0033335,             0.83177,             0.88972,             0.87795,             0.71806,            0.014844,           0.0042327,           0.0036554,            0.003136,            0.003136,            0.003136
                 210,            0.017293,           0.0052109,           0.0034656,             0.82681,              0.8884,             0.87622,             0.72047,            0.014918,           0.0042473,           0.0035573,            0.003103,            0.003103,            0.003103
                 211,            0.017354,             0.00512,           0.0033306,             0.83626,             0.88642,             0.86955,             0.71832,             0.01484,           0.0042636,           0.0034694,             0.00307,             0.00307,             0.00307
                 212,            0.017484,            0.005341,           0.0034603,             0.83453,             0.88433,             0.87379,             0.71502,            0.014842,           0.0042664,           0.0035672,            0.003037,            0.003037,            0.003037
                 213,            0.017118,           0.0052969,           0.0034551,             0.83491,             0.87891,             0.87298,             0.71655,            0.014806,           0.0042493,           0.0036987,            0.003004,            0.003004,            0.003004
                 214,            0.017195,           0.0054485,           0.0032114,             0.83449,             0.88036,             0.87278,             0.71306,            0.014743,           0.0042367,           0.0036912,            0.002971,            0.002971,            0.002971
                 215,            0.016809,           0.0051405,           0.0034625,             0.83489,             0.87679,             0.87721,             0.71833,            0.014726,           0.0042179,           0.0035774,            0.002938,            0.002938,            0.002938
                 216,            0.016968,           0.0052798,           0.0032761,             0.83688,             0.88389,             0.88363,             0.72448,             0.01469,           0.0042216,           0.0034871,            0.002905,            0.002905,            0.002905
                 217,             0.01707,           0.0052138,            0.002999,              0.8367,             0.87942,             0.89095,             0.73347,            0.014701,           0.0042098,           0.0034807,            0.002872,            0.002872,            0.002872
                 218,            0.016775,           0.0050165,           0.0030893,             0.83659,             0.88451,             0.89125,             0.72967,            0.014711,           0.0042057,           0.0035142,            0.002839,            0.002839,            0.002839
                 219,            0.016893,           0.0052405,           0.0028716,             0.82832,              0.8877,              0.8865,             0.72604,            0.014643,           0.0042155,           0.0035239,            0.002806,            0.002806,            0.002806
                 220,            0.016605,           0.0051119,           0.0029911,             0.82429,             0.88885,             0.88712,             0.73013,            0.014691,           0.0042363,           0.0034471,            0.002773,            0.002773,            0.002773
                 221,            0.016514,           0.0052237,           0.0029273,              0.8262,              0.8919,             0.88825,             0.72892,            0.014697,           0.0042472,           0.0034089,             0.00274,             0.00274,             0.00274
                 222,             0.01642,           0.0051701,           0.0029805,              0.8325,              0.8908,             0.87927,              0.7246,            0.014714,           0.0042529,           0.0033774,            0.002707,            0.002707,            0.002707
                 223,             0.01662,           0.0052713,            0.002984,             0.83605,             0.88925,             0.87846,              0.7231,            0.014648,           0.0042487,           0.0033567,            0.002674,            0.002674,            0.002674
                 224,            0.016309,           0.0051206,           0.0028964,             0.83527,             0.88887,             0.88085,             0.72283,            0.014646,           0.0042449,           0.0033655,            0.002641,            0.002641,            0.002641
                 225,            0.016616,           0.0051327,           0.0028702,             0.82824,             0.88599,             0.88335,             0.72636,            0.014617,           0.0042179,           0.0033875,            0.002608,            0.002608,            0.002608
                 226,            0.016609,           0.0051138,           0.0029653,             0.82844,             0.88188,              0.8795,             0.72682,            0.014709,           0.0042343,           0.0033874,            0.002575,            0.002575,            0.002575
                 227,            0.016574,           0.0051117,           0.0030822,             0.82639,             0.88314,             0.88127,             0.72373,            0.014682,           0.0042494,           0.0033529,            0.002542,            0.002542,            0.002542
                 228,            0.016212,           0.0051223,           0.0030458,             0.82246,             0.88379,             0.89211,             0.73201,            0.014587,           0.0042666,           0.0034329,            0.002509,            0.002509,            0.002509
                 229,            0.016584,           0.0050023,           0.0029859,             0.82702,             0.88193,             0.88966,             0.72983,            0.014631,           0.0042851,           0.0034297,            0.002476,            0.002476,            0.002476
                 230,            0.016596,           0.0050492,           0.0029884,             0.83965,             0.87069,             0.88989,             0.72802,             0.01462,           0.0042864,            0.003338,            0.002443,            0.002443,            0.002443
                 231,            0.016414,           0.0052528,            0.003055,             0.85061,             0.86588,             0.88732,              0.7287,            0.014623,           0.0042957,           0.0034052,             0.00241,             0.00241,             0.00241
                 232,            0.016266,           0.0052405,           0.0027455,             0.85215,             0.86346,             0.88755,             0.72862,            0.014611,           0.0042626,           0.0034011,            0.002377,            0.002377,            0.002377
                 233,            0.015991,           0.0049171,           0.0027223,             0.85105,             0.86107,             0.87952,             0.72352,            0.014584,           0.0042517,           0.0033634,            0.002344,            0.002344,            0.002344
                 234,             0.01621,           0.0051236,             0.00271,              0.8472,             0.86404,             0.88016,             0.72913,            0.014555,           0.0042485,           0.0033775,            0.002311,            0.002311,            0.002311
                 235,            0.016227,           0.0048738,           0.0029113,             0.83937,             0.87374,             0.87527,             0.72489,            0.014556,           0.0042601,           0.0034079,            0.002278,            0.002278,            0.002278
                 236,            0.016045,           0.0050333,            0.002693,             0.84322,             0.87219,             0.87251,             0.71915,            0.014598,            0.004253,           0.0034119,            0.002245,            0.002245,            0.002245
                 237,            0.015807,           0.0050952,           0.0026396,             0.84709,              0.8733,             0.87025,             0.72181,             0.01455,           0.0042511,           0.0033898,            0.002212,            0.002212,            0.002212
                 238,              0.0158,           0.0050239,           0.0026727,             0.84588,             0.87644,             0.87164,             0.72324,            0.014545,           0.0042419,           0.0033482,            0.002179,            0.002179,            0.002179
                 239,            0.015889,           0.0050909,           0.0029727,             0.85017,             0.87631,             0.87405,              0.7234,            0.014517,           0.0042324,           0.0033014,            0.002146,            0.002146,            0.002146
                 240,            0.015801,            0.005036,           0.0025103,             0.84971,             0.87737,             0.87933,             0.72413,            0.014548,           0.0042286,           0.0033635,            0.002113,            0.002113,            0.002113
                 241,            0.016143,           0.0050557,           0.0026469,             0.85392,             0.87331,             0.87828,             0.72476,            0.014569,           0.0042548,            0.003444,             0.00208,             0.00208,             0.00208
                 242,            0.015789,           0.0049795,           0.0029741,              0.8589,             0.86706,             0.87764,             0.72282,            0.014592,           0.0042533,           0.0034765,            0.002047,            0.002047,            0.002047
                 243,            0.015839,           0.0052006,           0.0027379,               0.859,             0.86023,             0.87813,             0.72552,            0.014605,           0.0042541,           0.0034918,            0.002014,            0.002014,            0.002014
                 244,            0.015763,           0.0048359,           0.0027401,             0.85524,             0.86435,             0.88676,             0.73087,            0.014638,            0.004254,           0.0034381,            0.001981,            0.001981,            0.001981
                 245,            0.015759,           0.0051745,           0.0025151,             0.86124,             0.86401,             0.88682,             0.72984,            0.014643,           0.0042353,           0.0033483,            0.001948,            0.001948,            0.001948
                 246,            0.015246,            0.004964,           0.0027213,             0.85747,             0.86396,             0.88699,             0.73181,             0.01465,           0.0042372,           0.0032749,            0.001915,            0.001915,            0.001915
                 247,             0.01579,            0.004967,           0.0027276,              0.8441,             0.87004,              0.8862,             0.72893,            0.014652,           0.0042479,           0.0032437,            0.001882,            0.001882,            0.001882
                 248,             0.01517,           0.0049418,           0.0024046,             0.84336,             0.86976,               0.887,             0.73276,            0.014631,           0.0042534,           0.0032797,            0.001849,            0.001849,            0.001849
                 249,            0.015253,           0.0049838,           0.0024469,             0.84664,             0.86783,             0.88804,             0.73473,            0.014648,           0.0042563,           0.0033271,            0.001816,            0.001816,            0.001816
                 250,            0.015074,           0.0049708,           0.0025096,              0.8536,             0.86658,             0.88964,             0.73822,            0.014618,           0.0042468,           0.0033205,            0.001783,            0.001783,            0.001783
                 251,             0.01517,           0.0049748,           0.0025101,             0.85551,             0.86539,             0.88956,             0.73709,            0.014635,           0.0042465,           0.0033371,             0.00175,             0.00175,             0.00175
                 252,            0.014984,           0.0049881,           0.0023595,             0.85488,             0.86638,             0.88004,             0.72613,            0.014634,            0.004253,           0.0033536,            0.001717,            0.001717,            0.001717
                 253,            0.015078,           0.0049086,           0.0023985,             0.84834,             0.86814,             0.87964,             0.72778,            0.014609,           0.0042514,           0.0033681,            0.001684,            0.001684,            0.001684
                 254,              0.0146,           0.0047963,           0.0023673,             0.85322,             0.85915,              0.8795,             0.72872,            0.014592,           0.0042561,           0.0034021,            0.001651,            0.001651,            0.001651
                 255,            0.015275,           0.0048604,           0.0026642,             0.85951,             0.85818,             0.88166,             0.72899,            0.014563,           0.0042535,           0.0033707,            0.001618,            0.001618,            0.001618
                 256,            0.015462,           0.0049052,           0.0024834,              0.8581,             0.86141,             0.88261,             0.72753,            0.014608,           0.0042552,           0.0033287,            0.001585,            0.001585,            0.001585
                 257,             0.01468,           0.0048023,           0.0022488,             0.85712,             0.86051,             0.87853,             0.73032,            0.014579,           0.0042522,           0.0032996,            0.001552,            0.001552,            0.001552
                 258,            0.014988,           0.0048176,           0.0026954,             0.85649,             0.86193,             0.88263,             0.73031,            0.014575,           0.0042561,           0.0032682,            0.001519,            0.001519,            0.001519
                 259,            0.014836,            0.004728,            0.002255,             0.85157,             0.86604,             0.88131,             0.72652,            0.014591,           0.0042604,           0.0032827,            0.001486,            0.001486,            0.001486
                 260,            0.014858,           0.0050786,           0.0025389,             0.83604,             0.88426,             0.87924,             0.72696,            0.014633,           0.0042737,           0.0032956,            0.001453,            0.001453,            0.001453
                 261,            0.014621,           0.0047339,           0.0023616,             0.83957,             0.88452,             0.87763,             0.72338,            0.014674,           0.0042816,           0.0032732,             0.00142,             0.00142,             0.00142
                 262,             0.01473,           0.0048195,           0.0022627,             0.84021,              0.8827,             0.87291,             0.72047,            0.014661,           0.0042876,           0.0032598,            0.001387,            0.001387,            0.001387
                 263,            0.014359,           0.0047854,           0.0021696,             0.84221,             0.87757,             0.87143,             0.72038,            0.014654,           0.0042904,           0.0032395,            0.001354,            0.001354,            0.001354
                 264,            0.014178,           0.0047133,           0.0022745,             0.84625,             0.87582,             0.87787,             0.72617,            0.014631,           0.0042975,           0.0032155,            0.001321,            0.001321,            0.001321
                 265,            0.014618,           0.0048817,           0.0023207,             0.84674,             0.87624,             0.87802,             0.72811,            0.014611,           0.0043121,           0.0031981,            0.001288,            0.001288,            0.001288
                 266,            0.014193,           0.0046506,           0.0021046,             0.84706,             0.87675,             0.88025,             0.72654,            0.014582,           0.0043177,           0.0031803,            0.001255,            0.001255,            0.001255
                 267,             0.01431,           0.0046699,           0.0022524,             0.85206,             0.87276,              0.8751,             0.72771,            0.014564,           0.0043141,           0.0031776,            0.001222,            0.001222,            0.001222
                 268,            0.014299,           0.0047489,           0.0023247,             0.85161,             0.87288,             0.87539,             0.72617,            0.014549,           0.0043167,            0.003191,            0.001189,            0.001189,            0.001189
                 269,            0.014043,           0.0047417,           0.0020646,             0.85186,             0.87613,             0.87668,             0.72872,            0.014511,           0.0043168,           0.0032085,            0.001156,            0.001156,            0.001156
                 270,            0.014223,           0.0046249,             0.00199,             0.85296,             0.87519,             0.87742,             0.73039,            0.014484,           0.0043228,           0.0032172,            0.001123,            0.001123,            0.001123
                 271,             0.01399,           0.0047729,           0.0019626,             0.85548,             0.87567,             0.87735,             0.73191,            0.014471,           0.0043284,           0.0032275,             0.00109,             0.00109,             0.00109
                 272,            0.014001,           0.0047125,           0.0019939,             0.85729,             0.87434,             0.87729,             0.72965,            0.014478,           0.0043382,           0.0032318,            0.001057,            0.001057,            0.001057
                 273,             0.01376,           0.0045823,            0.002183,             0.85728,             0.87181,             0.87709,             0.72721,            0.014477,           0.0043511,           0.0032339,            0.001024,            0.001024,            0.001024
                 274,            0.013927,            0.004763,           0.0020743,              0.8539,             0.86559,             0.87498,             0.72393,             0.01449,            0.004356,           0.0032427,            0.000991,            0.000991,            0.000991
                 275,            0.013977,           0.0047062,           0.0021891,              0.8543,             0.86828,              0.8739,             0.72401,             0.01451,           0.0043668,           0.0032732,            0.000958,            0.000958,            0.000958
                 276,            0.013696,           0.0046858,           0.0020439,             0.85453,             0.86831,             0.87405,             0.72436,            0.014526,           0.0043758,           0.0032827,            0.000925,            0.000925,            0.000925
                 277,            0.014147,            0.004747,           0.0020865,              0.8539,             0.86852,             0.87309,             0.72313,            0.014527,           0.0043741,           0.0032503,            0.000892,            0.000892,            0.000892
                 278,            0.013611,           0.0047015,           0.0019733,              0.8519,             0.86707,             0.87291,             0.72458,            0.014507,           0.0043739,           0.0032376,            0.000859,            0.000859,            0.000859
                 279,            0.013872,           0.0046514,           0.0019738,             0.85325,             0.86643,             0.87026,             0.72056,            0.014523,           0.0043719,           0.0032389,            0.000826,            0.000826,            0.000826
                 280,            0.013748,           0.0047599,           0.0019714,             0.85252,             0.86555,             0.86845,             0.71936,            0.014536,           0.0043764,           0.0032242,            0.000793,            0.000793,            0.000793
                 281,            0.013599,           0.0045969,           0.0019014,              0.8529,             0.86598,             0.86891,             0.72152,            0.014535,           0.0043802,           0.0032122,             0.00076,             0.00076,             0.00076
                 282,             0.01356,           0.0047307,           0.0018928,             0.85332,             0.86633,             0.87044,             0.72118,            0.014534,           0.0043835,           0.0032143,            0.000727,            0.000727,            0.000727
                 283,            0.013473,           0.0046075,           0.0019261,             0.85319,             0.86679,             0.87245,             0.72355,            0.014546,           0.0043868,            0.003196,            0.000694,            0.000694,            0.000694
                 284,            0.013332,           0.0046461,           0.0020313,             0.85314,             0.86744,             0.87664,             0.72707,            0.014552,           0.0043925,           0.0031742,            0.000661,            0.000661,            0.000661
                 285,            0.013374,           0.0046247,           0.0017011,             0.85353,             0.86834,             0.87844,             0.72915,            0.014554,           0.0043918,           0.0031524,            0.000628,            0.000628,            0.000628
                 286,            0.013409,           0.0043977,           0.0020748,             0.85333,             0.86858,             0.87886,             0.73126,            0.014546,            0.004389,           0.0031411,            0.000595,            0.000595,            0.000595
                 287,             0.01301,           0.0045784,           0.0017562,             0.84966,              0.8661,             0.87964,             0.73064,            0.014543,           0.0043921,           0.0031251,            0.000562,            0.000562,            0.000562
                 288,            0.013261,           0.0045998,           0.0018317,             0.84944,              0.8658,              0.8804,              0.7306,            0.014528,           0.0043923,           0.0031063,            0.000529,            0.000529,            0.000529
                 289,            0.013097,           0.0045744,           0.0018527,             0.85017,             0.86564,             0.87534,             0.72714,            0.014543,           0.0043949,           0.0030942,            0.000496,            0.000496,            0.000496
                 290,            0.012874,           0.0045067,           0.0017339,             0.85135,             0.86558,             0.88523,             0.73656,            0.014538,           0.0043952,            0.003095,            0.000463,            0.000463,            0.000463
                 291,            0.012875,           0.0044671,           0.0018219,             0.85221,             0.86568,             0.88428,             0.73284,            0.014539,           0.0043983,           0.0030948,             0.00043,             0.00043,             0.00043
                 292,            0.012644,           0.0044216,           0.0018473,             0.85283,             0.86572,             0.88352,             0.73167,            0.014549,           0.0044039,           0.0030948,            0.000397,            0.000397,            0.000397
                 293,            0.012935,           0.0044435,           0.0019832,               0.853,             0.86577,             0.88394,             0.73095,            0.014548,           0.0044063,           0.0030966,            0.000364,            0.000364,            0.000364
                 294,            0.013017,           0.0045764,           0.0016867,             0.85427,             0.86545,             0.88486,             0.73482,            0.014552,           0.0044109,           0.0030939,            0.000331,            0.000331,            0.000331
                 295,            0.012848,            0.004524,           0.0017497,             0.85488,             0.86504,             0.88473,             0.73568,            0.014556,           0.0044147,           0.0030997,            0.000298,            0.000298,            0.000298
                 296,            0.012667,             0.00449,           0.0020003,             0.85508,             0.86463,             0.88494,             0.73578,            0.014547,           0.0044167,           0.0031057,            0.000265,            0.000265,            0.000265
                 297,            0.012777,           0.0045267,           0.0016168,             0.85529,             0.86425,             0.88446,              0.7362,            0.014548,           0.0044184,           0.0031088,            0.000232,            0.000232,            0.000232
                 298,            0.012877,           0.0045434,           0.0018112,              0.8556,             0.86422,             0.88433,             0.73565,            0.014551,            0.004419,           0.0031061,            0.000199,            0.000199,            0.000199
                 299,             0.01248,           0.0044231,           0.0018378,             0.85599,             0.86403,             0.88449,             0.73591,            0.014557,           0.0044215,           0.0031078,            0.000166,            0.000166,            0.000166
